<?xml version="1.0"?>
<dock-layout>
  <layout name="__default__">
    <dock floating="no" floatx="0" floaty="0" height="-1" width="-1" name="__dock_1">
      <paned position="263" locked="no" orientation="horizontal" name="__dock_18">
        <notebook page="2" locked="no" orientation="vertical" name="__dock_19">
          <item locked="no" orientation="vertical" name="MonoDevelop.Ide.Gui.Pads.ProjectPad" />
        </notebook>
        <paned position="645" locked="no" orientation="vertical" name="__dock_21">
          <item locked="yes" orientation="vertical" name="Documents" />
          <item locked="no" orientation="vertical" name="MonoDevelop.Ide.Gui.Pads.OpenTaskView" />
        </paned>
      </paned>
    </dock>
  </layout>
  <layout name="Edit.Default">
    <dock floating="no" floatx="0" floaty="0" height="-1" width="-1" name="__dock_1">
      <paned position="263" locked="no" orientation="horizontal" name="__dock_18">
        <notebook page="2" locked="no" orientation="vertical" name="__dock_19">
          <item locked="no" orientation="vertical" name="MonoDevelop.Ide.Gui.Pads.ProjectPad" />
        </notebook>
        <paned position="645" locked="no" orientation="vertical" name="__dock_21">
          <item locked="yes" orientation="vertical" name="Documents" />
          <item locked="no" orientation="vertical" name="MonoDevelop.Ide.Gui.Pads.OpenTaskView" />
        </paned>
      </paned>
    </dock>
  </layout>
</dock-layout>